id_venda,data_venda,cliente,produto,categoria,regiao,quantidade,preco_unitario,receita_total,mes,trimestre,ano,faixa_receita_item
1,2024-02-03,Cliente_046,Carregador,Celulares,Sul,3,120.0,360.0,2,Q1,2024,Baixo Valor
3,2024-01-10,Cliente_028,Fogao,Eletrodomesticos,Sudeste,9,1500.0,13500.0,1,Q1,2024,Médio Valor
4,2024-08-17,Cliente_044,HomeTheater,Eletronicos,Nordeste,9,3000.0,27000.0,8,Q3,2024,Alto Valor
5,2024-06-06,Cliente_025,Fogao,Eletrodomesticos,Sul,1,1500.0,1500.0,6,Q2,2024,Baixo Valor
6,2024-10-21,Cliente_047,Carregador,Celulares,Centro-Oeste,1,120.0,120.0,10,Q4,2024,Baixo Valor
7,2024-04-13,Cliente_052,Fogao,Eletrodomesticos,Norte,5,1500.0,7500.0,4,Q2,2024,Médio Valor
9,2024-02-29,Cliente_018,TV,Eletronicos,Centro-Oeste,8,2500.0,20000.0,2,Q1,2024,Alto Valor
10,2024-05-12,Cliente_063,TV,Eletronicos,Norte,5,2500.0,12500.0,5,Q2,2024,Médio Valor
11,2024-07-26,Cliente_052,HomeTheater,Eletronicos,Centro-Oeste,1,3000.0,3000.0,7,Q3,2024,Baixo Valor
12,2024-10-15,Cliente_052,Cabo,Celulares,Nordeste,4,50.0,200.0,10,Q4,2024,Baixo Valor
14,2024-01-19,Cliente_063,Geladeira,Eletrodomesticos,Norte,5,4000.0,20000.0,1,Q1,2024,Alto Valor
15,2024-06-26,Cliente_055,HomeTheater,Eletronicos,Norte,7,3000.0,21000.0,6,Q2,2024,Alto Valor
17,2024-08-04,Cliente_046,Fogao,Eletrodomesticos,Sul,3,1500.0,4500.0,8,Q3,2024,Baixo Valor
18,2024-10-08,Cliente_066,Carregador,Celulares,Nordeste,7,120.0,840.0,10,Q4,2024,Baixo Valor
19,2024-12-16,Cliente_003,Cabo,Celulares,Centro-Oeste,4,50.0,200.0,12,Q4,2024,Baixo Valor
21,2024-03-11,Cliente_078,HomeTheater,Eletronicos,Norte,1,3000.0,3000.0,3,Q1,2024,Baixo Valor
22,2024-09-24,Cliente_073,Geladeira,Eletrodomesticos,Centro-Oeste,2,4000.0,8000.0,9,Q3,2024,Médio Valor
23,2024-03-29,Cliente_060,Fogao,Eletrodomesticos,Nordeste,1,1500.0,1500.0,3,Q1,2024,Baixo Valor
24,2024-06-21,Cliente_032,Fogao,Eletrodomesticos,Sul,2,1500.0,3000.0,6,Q2,2024,Baixo Valor
25,2024-05-28,Cliente_023,Geladeira,Eletrodomesticos,Norte,8,4000.0,32000.0,5,Q2,2024,Alto Valor
26,2024-09-12,Cliente_020,Geladeira,Eletrodomesticos,Sul,2,4000.0,8000.0,9,Q3,2024,Médio Valor
27,2024-04-04,Cliente_072,TV,Eletronicos,Centro-Oeste,10,2500.0,25000.0,4,Q2,2024,Alto Valor
28,2024-12-03,Cliente_072,Cabo,Celulares,Nordeste,9,50.0,450.0,12,Q4,2024,Baixo Valor
29,2024-03-11,Cliente_007,HomeTheater,Eletronicos,Sudeste,6,3000.0,18000.0,3,Q1,2024,Alto Valor
30,2024-11-05,Cliente_042,Cabo,Celulares,Nordeste,8,50.0,400.0,11,Q4,2024,Baixo Valor
32,2024-05-21,Cliente_024,Fogao,Eletrodomesticos,Centro-Oeste,5,1500.0,7500.0,5,Q2,2024,Médio Valor
33,2024-02-19,Cliente_033,Cabo,Celulares,Nordeste,6,50.0,300.0,2,Q1,2024,Baixo Valor
35,2024-06-17,Cliente_016,Fogao,Eletrodomesticos,Sul,2,1500.0,3000.0,6,Q2,2024,Baixo Valor
36,2024-10-11,Cliente_066,Fogao,Eletrodomesticos,Centro-Oeste,2,1500.0,3000.0,10,Q4,2024,Baixo Valor
37,2024-11-29,Cliente_057,Fogao,Eletrodomesticos,Nordeste,3,1500.0,4500.0,11,Q4,2024,Baixo Valor
38,2024-01-05,Cliente_071,TV,Eletronicos,Norte,1,2500.0,2500.0,1,Q1,2024,Baixo Valor
39,2024-10-06,Cliente_067,Geladeira,Eletrodomesticos,Sul,6,4000.0,24000.0,10,Q4,2024,Alto Valor
40,2024-08-30,Cliente_046,Cabo,Celulares,Norte,5,50.0,250.0,8,Q3,2024,Baixo Valor
41,2024-06-08,Cliente_051,HomeTheater,Eletronicos,Sul,9,3000.0,27000.0,6,Q2,2024,Alto Valor
42,2024-09-12,Cliente_069,Carregador,Celulares,Sul,10,120.0,1200.0,9,Q3,2024,Baixo Valor
43,2024-11-29,Cliente_035,Fogao,Eletrodomesticos,Norte,8,1500.0,12000.0,11,Q4,2024,Médio Valor
44,2024-07-07,Cliente_063,Fogao,Eletrodomesticos,Sul,8,1500.0,12000.0,7,Q3,2024,Médio Valor
45,2024-08-23,Cliente_037,Carregador,Celulares,Sudeste,1,120.0,120.0,8,Q3,2024,Baixo Valor
46,2024-07-02,Cliente_014,Cabo,Celulares,Nordeste,4,50.0,200.0,7,Q3,2024,Baixo Valor
47,2024-03-18,Cliente_034,Cabo,Celulares,Sudeste,3,50.0,150.0,3,Q1,2024,Baixo Valor
48,2024-05-17,Cliente_068,Geladeira,Eletrodomesticos,Centro-Oeste,5,4000.0,20000.0,5,Q2,2024,Alto Valor
49,2024-05-29,Cliente_016,Carregador,Celulares,Sul,1,120.0,120.0,5,Q2,2024,Baixo Valor
50,2024-05-06,Cliente_056,Fogao,Eletrodomesticos,Sudeste,5,1500.0,7500.0,5,Q2,2024,Médio Valor
51,2024-05-15,Cliente_065,Fogao,Eletrodomesticos,Nordeste,1,1500.0,1500.0,5,Q2,2024,Baixo Valor
52,2024-11-06,Cliente_060,HomeTheater,Eletronicos,Sudeste,1,3000.0,3000.0,11,Q4,2024,Baixo Valor
53,2024-05-20,Cliente_023,Fogao,Eletrodomesticos,Nordeste,5,1500.0,7500.0,5,Q2,2024,Médio Valor
55,2024-04-02,Cliente_031,TV,Eletronicos,Centro-Oeste,8,2500.0,20000.0,4,Q2,2024,Alto Valor
56,2024-04-14,Cliente_061,Fogao,Eletrodomesticos,Norte,4,1500.0,6000.0,4,Q2,2024,Médio Valor
57,2024-05-26,Cliente_024,HomeTheater,Eletronicos,Sudeste,6,3000.0,18000.0,5,Q2,2024,Alto Valor
58,2024-02-06,Cliente_047,Geladeira,Eletrodomesticos,Norte,1,4000.0,4000.0,2,Q1,2024,Baixo Valor
59,2024-05-05,Cliente_012,Fogao,Eletrodomesticos,Sul,8,1500.0,12000.0,5,Q2,2024,Médio Valor
60,2024-10-29,Cliente_007,Geladeira,Eletrodomesticos,Nordeste,3,4000.0,12000.0,10,Q4,2024,Médio Valor
61,2024-12-16,Cliente_008,Cabo,Celulares,Centro-Oeste,4,50.0,200.0,12,Q4,2024,Baixo Valor
63,2024-09-17,Cliente_047,HomeTheater,Eletronicos,Centro-Oeste,4,3000.0,12000.0,9,Q3,2024,Médio Valor
64,2024-01-03,Cliente_072,Carregador,Celulares,Sul,6,120.0,720.0,1,Q1,2024,Baixo Valor
65,2024-05-10,Cliente_055,TV,Eletronicos,Sudeste,7,2500.0,17500.0,5,Q2,2024,Alto Valor
66,2024-11-18,Cliente_074,Geladeira,Eletrodomesticos,Sudeste,4,4000.0,16000.0,11,Q4,2024,Alto Valor
67,2024-01-02,Cliente_004,Fogao,Eletrodomesticos,Norte,1,1500.0,1500.0,1,Q1,2024,Baixo Valor
68,2024-12-15,Cliente_026,Fogao,Eletrodomesticos,Sul,5,1500.0,7500.0,12,Q4,2024,Médio Valor
69,2024-10-02,Cliente_066,Cabo,Celulares,Sul,6,50.0,300.0,10,Q4,2024,Baixo Valor
70,2024-02-02,Cliente_037,HomeTheater,Eletronicos,Nordeste,2,3000.0,6000.0,2,Q1,2024,Médio Valor
71,2024-07-06,Cliente_060,Carregador,Celulares,Nordeste,9,120.0,1080.0,7,Q3,2024,Baixo Valor
72,2024-06-15,Cliente_043,Fogao,Eletrodomesticos,Norte,9,1500.0,13500.0,6,Q2,2024,Médio Valor
73,2024-02-19,Cliente_047,TV,Eletronicos,Norte,6,2500.0,15000.0,2,Q1,2024,Alto Valor
74,2024-05-25,Cliente_060,Cabo,Celulares,Sul,3,50.0,150.0,5,Q2,2024,Baixo Valor
75,2024-11-09,Cliente_061,Cabo,Celulares,Sudeste,10,50.0,500.0,11,Q4,2024,Baixo Valor
76,2024-08-20,Cliente_024,TV,Eletronicos,Sul,5,2500.0,12500.0,8,Q3,2024,Médio Valor
79,2024-02-19,Cliente_078,Fogao,Eletrodomesticos,Nordeste,9,1500.0,13500.0,2,Q1,2024,Médio Valor
80,2024-08-03,Cliente_004,Carregador,Celulares,Sudeste,9,120.0,1080.0,8,Q3,2024,Baixo Valor
82,2024-10-26,Cliente_035,Fogao,Eletrodomesticos,Centro-Oeste,10,1500.0,15000.0,10,Q4,2024,Alto Valor
83,2024-07-01,Cliente_036,Geladeira,Eletrodomesticos,Norte,3,4000.0,12000.0,7,Q3,2024,Médio Valor
84,2024-04-27,Cliente_011,Carregador,Celulares,Norte,8,120.0,960.0,4,Q2,2024,Baixo Valor
86,2024-05-26,Cliente_014,Geladeira,Eletrodomesticos,Sul,7,4000.0,28000.0,5,Q2,2024,Alto Valor
87,2024-09-10,Cliente_048,Carregador,Celulares,Sul,7,120.0,840.0,9,Q3,2024,Baixo Valor
88,2024-09-03,Cliente_032,HomeTheater,Eletronicos,Centro-Oeste,8,3000.0,24000.0,9,Q3,2024,Alto Valor
89,2024-03-12,Cliente_061,Geladeira,Eletrodomesticos,Sudeste,3,4000.0,12000.0,3,Q1,2024,Médio Valor
90,2024-01-22,Cliente_034,TV,Eletronicos,Centro-Oeste,9,2500.0,22500.0,1,Q1,2024,Alto Valor
91,2024-10-10,Cliente_002,Geladeira,Eletrodomesticos,Sul,4,4000.0,16000.0,10,Q4,2024,Alto Valor
92,2024-07-09,Cliente_052,Carregador,Celulares,Sudeste,7,120.0,840.0,7,Q3,2024,Baixo Valor
93,2024-06-03,Cliente_015,Cabo,Celulares,Centro-Oeste,8,50.0,400.0,6,Q2,2024,Baixo Valor
94,2024-08-09,Cliente_028,Cabo,Celulares,Nordeste,10,50.0,500.0,8,Q3,2024,Baixo Valor
95,2024-10-25,Cliente_035,HomeTheater,Eletronicos,Sudeste,3,3000.0,9000.0,10,Q4,2024,Médio Valor
96,2024-11-05,Cliente_020,HomeTheater,Eletronicos,Norte,5,3000.0,15000.0,11,Q4,2024,Alto Valor
98,2024-05-11,Cliente_039,Geladeira,Eletrodomesticos,Sul,1,4000.0,4000.0,5,Q2,2024,Baixo Valor
99,2024-05-15,Cliente_037,HomeTheater,Eletronicos,Centro-Oeste,4,3000.0,12000.0,5,Q2,2024,Médio Valor
100,2024-10-25,Cliente_033,Geladeira,Eletrodomesticos,Sudeste,4,4000.0,16000.0,10,Q4,2024,Alto Valor
101,2024-04-11,Cliente_078,Fogao,Eletrodomesticos,Nordeste,1,1500.0,1500.0,4,Q2,2024,Baixo Valor
102,2024-10-14,Cliente_065,Geladeira,Eletrodomesticos,Sul,6,4000.0,24000.0,10,Q4,2024,Alto Valor
103,2024-12-11,Cliente_023,Cabo,Celulares,Nordeste,10,50.0,500.0,12,Q4,2024,Baixo Valor
105,2024-05-23,Cliente_008,Geladeira,Eletrodomesticos,Sudeste,2,4000.0,8000.0,5,Q2,2024,Médio Valor
106,2024-10-28,Cliente_043,Cabo,Celulares,Centro-Oeste,7,50.0,350.0,10,Q4,2024,Baixo Valor
107,2024-03-13,Cliente_077,Fogao,Eletrodomesticos,Sudeste,2,1500.0,3000.0,3,Q1,2024,Baixo Valor
108,2024-11-28,Cliente_058,HomeTheater,Eletronicos,Sul,10,3000.0,30000.0,11,Q4,2024,Alto Valor
109,2024-11-05,Cliente_068,Cabo,Celulares,Sul,6,50.0,300.0,11,Q4,2024,Baixo Valor
110,2024-03-21,Cliente_030,Carregador,Celulares,Nordeste,4,120.0,480.0,3,Q1,2024,Baixo Valor
111,2024-10-25,Cliente_059,Fogao,Eletrodomesticos,Centro-Oeste,9,1500.0,13500.0,10,Q4,2024,Médio Valor
112,2024-10-27,Cliente_069,HomeTheater,Eletronicos,Sudeste,9,3000.0,27000.0,10,Q4,2024,Alto Valor
113,2024-07-30,Cliente_030,Geladeira,Eletrodomesticos,Centro-Oeste,6,4000.0,24000.0,7,Q3,2024,Alto Valor
114,2024-08-20,Cliente_039,Carregador,Celulares,Norte,9,120.0,1080.0,8,Q3,2024,Baixo Valor
115,2024-03-06,Cliente_044,TV,Eletronicos,Norte,1,2500.0,2500.0,3,Q1,2024,Baixo Valor
116,2024-02-27,Cliente_057,HomeTheater,Eletronicos,Norte,1,3000.0,3000.0,2,Q1,2024,Baixo Valor
117,2024-06-20,Cliente_016,HomeTheater,Eletronicos,Norte,5,3000.0,15000.0,6,Q2,2024,Alto Valor
118,2024-03-27,Cliente_017,Fogao,Eletrodomesticos,Nordeste,4,1500.0,6000.0,3,Q1,2024,Médio Valor
119,2024-03-02,Cliente_012,Cabo,Celulares,Norte,10,50.0,500.0,3,Q1,2024,Baixo Valor
120,2024-05-18,Cliente_055,TV,Eletronicos,Sudeste,2,2500.0,5000.0,5,Q2,2024,Médio Valor
121,2024-09-24,Cliente_023,Carregador,Celulares,Nordeste,4,120.0,480.0,9,Q3,2024,Baixo Valor
122,2024-07-13,Cliente_005,HomeTheater,Eletronicos,Nordeste,5,3000.0,15000.0,7,Q3,2024,Alto Valor
123,2024-12-03,Cliente_013,HomeTheater,Eletronicos,Sudeste,8,3000.0,24000.0,12,Q4,2024,Alto Valor
124,2024-09-28,Cliente_057,Fogao,Eletrodomesticos,Centro-Oeste,9,1500.0,13500.0,9,Q3,2024,Médio Valor
125,2024-11-27,Cliente_012,Cabo,Celulares,Sudeste,4,50.0,200.0,11,Q4,2024,Baixo Valor
127,2024-11-19,Cliente_052,TV,Eletronicos,Sul,2,2500.0,5000.0,11,Q4,2024,Médio Valor
129,2024-02-20,Cliente_070,TV,Eletronicos,Nordeste,9,2500.0,22500.0,2,Q1,2024,Alto Valor
131,2024-02-08,Cliente_040,Fogao,Eletrodomesticos,Sudeste,6,1500.0,9000.0,2,Q1,2024,Médio Valor
132,2024-08-01,Cliente_024,TV,Eletronicos,Sudeste,5,2500.0,12500.0,8,Q3,2024,Médio Valor
133,2024-01-10,Cliente_044,Fogao,Eletrodomesticos,Nordeste,9,1500.0,13500.0,1,Q1,2024,Médio Valor
134,2024-10-11,Cliente_035,Carregador,Celulares,Sudeste,10,120.0,1200.0,10,Q4,2024,Baixo Valor
135,2024-02-17,Cliente_074,Cabo,Celulares,Sudeste,1,50.0,50.0,2,Q1,2024,Baixo Valor
136,2024-08-07,Cliente_075,Fogao,Eletrodomesticos,Sudeste,7,1500.0,10500.0,8,Q3,2024,Médio Valor
137,2024-06-01,Cliente_012,HomeTheater,Eletronicos,Centro-Oeste,8,3000.0,24000.0,6,Q2,2024,Alto Valor
138,2024-06-07,Cliente_005,Carregador,Celulares,Sudeste,3,120.0,360.0,6,Q2,2024,Baixo Valor
139,2024-06-26,Cliente_048,Cabo,Celulares,Sudeste,9,50.0,450.0,6,Q2,2024,Baixo Valor
140,2024-09-23,Cliente_049,Carregador,Celulares,Sul,10,120.0,1200.0,9,Q3,2024,Baixo Valor
141,2024-02-22,Cliente_072,TV,Eletronicos,Sudeste,9,2500.0,22500.0,2,Q1,2024,Alto Valor
142,2024-11-17,Cliente_007,Cabo,Celulares,Sudeste,2,50.0,100.0,11,Q4,2024,Baixo Valor
143,2024-03-06,Cliente_071,Cabo,Celulares,Nordeste,10,50.0,500.0,3,Q1,2024,Baixo Valor
145,2024-01-13,Cliente_037,TV,Eletronicos,Centro-Oeste,1,2500.0,2500.0,1,Q1,2024,Baixo Valor
146,2024-11-27,Cliente_058,Geladeira,Eletrodomesticos,Norte,4,4000.0,16000.0,11,Q4,2024,Alto Valor
147,2024-07-17,Cliente_019,Carregador,Celulares,Sudeste,7,120.0,840.0,7,Q3,2024,Baixo Valor
148,2024-09-19,Cliente_018,Geladeira,Eletrodomesticos,Nordeste,6,4000.0,24000.0,9,Q3,2024,Alto Valor
149,2024-06-06,Cliente_038,Carregador,Celulares,Norte,9,120.0,1080.0,6,Q2,2024,Baixo Valor
150,2024-07-24,Cliente_031,Fogao,Eletrodomesticos,Centro-Oeste,7,1500.0,10500.0,7,Q3,2024,Médio Valor
152,2024-06-04,Cliente_020,Cabo,Celulares,Centro-Oeste,4,50.0,200.0,6,Q2,2024,Baixo Valor
153,2024-07-31,Cliente_076,Geladeira,Eletrodomesticos,Centro-Oeste,4,4000.0,16000.0,7,Q3,2024,Alto Valor
154,2024-09-12,Cliente_061,Fogao,Eletrodomesticos,Nordeste,8,1500.0,12000.0,9,Q3,2024,Médio Valor
155,2024-10-31,Cliente_076,Carregador,Celulares,Sul,4,120.0,480.0,10,Q4,2024,Baixo Valor
156,2024-05-02,Cliente_035,Fogao,Eletrodomesticos,Sul,5,1500.0,7500.0,5,Q2,2024,Médio Valor
157,2024-07-06,Cliente_072,Geladeira,Eletrodomesticos,Sul,9,4000.0,36000.0,7,Q3,2024,Alto Valor
158,2024-08-18,Cliente_039,TV,Eletronicos,Sul,1,2500.0,2500.0,8,Q3,2024,Baixo Valor
159,2024-09-09,Cliente_011,Carregador,Celulares,Sudeste,5,120.0,600.0,9,Q3,2024,Baixo Valor
160,2024-11-16,Cliente_073,TV,Eletronicos,Norte,1,2500.0,2500.0,11,Q4,2024,Baixo Valor
161,2024-02-04,Cliente_016,TV,Eletronicos,Sudeste,3,2500.0,7500.0,2,Q1,2024,Médio Valor
162,2024-06-05,Cliente_066,HomeTheater,Eletronicos,Centro-Oeste,8,3000.0,24000.0,6,Q2,2024,Alto Valor
163,2024-01-14,Cliente_066,HomeTheater,Eletronicos,Norte,3,3000.0,9000.0,1,Q1,2024,Médio Valor
165,2024-05-24,Cliente_040,TV,Eletronicos,Sul,7,2500.0,17500.0,5,Q2,2024,Alto Valor
166,2024-02-17,Cliente_074,Cabo,Celulares,Sul,3,50.0,150.0,2,Q1,2024,Baixo Valor
168,2024-08-26,Cliente_046,Geladeira,Eletrodomesticos,Centro-Oeste,2,4000.0,8000.0,8,Q3,2024,Médio Valor
169,2024-01-20,Cliente_039,HomeTheater,Eletronicos,Sul,5,3000.0,15000.0,1,Q1,2024,Alto Valor
170,2024-12-23,Cliente_025,HomeTheater,Eletronicos,Norte,4,3000.0,12000.0,12,Q4,2024,Médio Valor
171,2024-04-16,Cliente_019,TV,Eletronicos,Nordeste,3,2500.0,7500.0,4,Q2,2024,Médio Valor
172,2024-07-29,Cliente_037,TV,Eletronicos,Sul,6,2500.0,15000.0,7,Q3,2024,Alto Valor
173,2024-02-05,Cliente_034,Fogao,Eletrodomesticos,Nordeste,4,1500.0,6000.0,2,Q1,2024,Médio Valor
174,2024-08-14,Cliente_078,Fogao,Eletrodomesticos,Sul,5,1500.0,7500.0,8,Q3,2024,Médio Valor
175,2024-04-14,Cliente_036,Cabo,Celulares,Sul,9,50.0,450.0,4,Q2,2024,Baixo Valor
176,2024-12-15,Cliente_048,Cabo,Celulares,Nordeste,10,50.0,500.0,12,Q4,2024,Baixo Valor
178,2024-04-09,Cliente_032,Carregador,Celulares,Centro-Oeste,7,120.0,840.0,4,Q2,2024,Baixo Valor
179,2024-12-06,Cliente_021,TV,Eletronicos,Norte,4,2500.0,10000.0,12,Q4,2024,Médio Valor
180,2024-03-23,Cliente_039,HomeTheater,Eletronicos,Norte,7,3000.0,21000.0,3,Q1,2024,Alto Valor
181,2024-11-02,Cliente_052,Cabo,Celulares,Nordeste,6,50.0,300.0,11,Q4,2024,Baixo Valor
183,2024-06-07,Cliente_080,HomeTheater,Eletronicos,Norte,9,3000.0,27000.0,6,Q2,2024,Alto Valor
184,2024-01-06,Cliente_054,Cabo,Celulares,Sul,1,50.0,50.0,1,Q1,2024,Baixo Valor
185,2024-07-22,Cliente_008,Cabo,Celulares,Norte,3,50.0,150.0,7,Q3,2024,Baixo Valor
186,2024-06-09,Cliente_056,TV,Eletronicos,Nordeste,7,2500.0,17500.0,6,Q2,2024,Alto Valor
187,2024-05-14,Cliente_002,Fogao,Eletrodomesticos,Sudeste,1,1500.0,1500.0,5,Q2,2024,Baixo Valor
188,2024-10-07,Cliente_057,TV,Eletronicos,Centro-Oeste,7,2500.0,17500.0,10,Q4,2024,Alto Valor
189,2024-01-16,Cliente_013,TV,Eletronicos,Sul,10,2500.0,25000.0,1,Q1,2024,Alto Valor
190,2024-06-18,Cliente_024,Fogao,Eletrodomesticos,Norte,3,1500.0,4500.0,6,Q2,2024,Baixo Valor
191,2024-01-09,Cliente_029,TV,Eletronicos,Sudeste,2,2500.0,5000.0,1,Q1,2024,Médio Valor
193,2024-06-02,Cliente_068,Carregador,Celulares,Sudeste,10,120.0,1200.0,6,Q2,2024,Baixo Valor
194,2024-09-06,Cliente_008,HomeTheater,Eletronicos,Nordeste,1,3000.0,3000.0,9,Q3,2024,Baixo Valor
195,2024-01-05,Cliente_048,TV,Eletronicos,Sul,3,2500.0,7500.0,1,Q1,2024,Médio Valor
196,2024-08-31,Cliente_006,Carregador,Celulares,Centro-Oeste,4,120.0,480.0,8,Q3,2024,Baixo Valor
197,2024-03-09,Cliente_054,Fogao,Eletrodomesticos,Norte,9,1500.0,13500.0,3,Q1,2024,Médio Valor
198,2024-10-17,Cliente_052,Cabo,Celulares,Sul,9,50.0,450.0,10,Q4,2024,Baixo Valor
199,2024-06-25,Cliente_050,TV,Eletronicos,Centro-Oeste,9,2500.0,22500.0,6,Q2,2024,Alto Valor
200,2024-05-23,Cliente_008,TV,Eletronicos,Nordeste,4,2500.0,10000.0,5,Q2,2024,Médio Valor
201,2024-07-29,Cliente_025,Carregador,Celulares,Centro-Oeste,6,120.0,720.0,7,Q3,2024,Baixo Valor
202,2024-05-25,Cliente_066,Carregador,Celulares,Nordeste,5,120.0,600.0,5,Q2,2024,Baixo Valor
204,2024-11-04,Cliente_005,HomeTheater,Eletronicos,Sul,7,3000.0,21000.0,11,Q4,2024,Alto Valor
205,2024-06-16,Cliente_051,Cabo,Celulares,Nordeste,7,50.0,350.0,6,Q2,2024,Baixo Valor
206,2024-10-12,Cliente_064,Carregador,Celulares,Sul,6,120.0,720.0,10,Q4,2024,Baixo Valor
207,2024-12-15,Cliente_033,Geladeira,Eletrodomesticos,Nordeste,8,4000.0,32000.0,12,Q4,2024,Alto Valor
208,2024-03-22,Cliente_019,Carregador,Celulares,Sudeste,6,120.0,720.0,3,Q1,2024,Baixo Valor
209,2024-02-21,Cliente_060,Carregador,Celulares,Nordeste,4,120.0,480.0,2,Q1,2024,Baixo Valor
210,2024-09-08,Cliente_023,TV,Eletronicos,Sudeste,9,2500.0,22500.0,9,Q3,2024,Alto Valor
212,2024-06-02,Cliente_023,Fogao,Eletrodomesticos,Centro-Oeste,5,1500.0,7500.0,6,Q2,2024,Médio Valor
213,2024-11-30,Cliente_080,Carregador,Celulares,Nordeste,6,120.0,720.0,11,Q4,2024,Baixo Valor
214,2024-03-27,Cliente_069,Fogao,Eletrodomesticos,Sul,1,1500.0,1500.0,3,Q1,2024,Baixo Valor
215,2024-01-06,Cliente_004,Carregador,Celulares,Nordeste,3,120.0,360.0,1,Q1,2024,Baixo Valor
216,2024-03-11,Cliente_065,TV,Eletronicos,Sudeste,2,2500.0,5000.0,3,Q1,2024,Médio Valor
217,2024-09-19,Cliente_036,Cabo,Celulares,Norte,5,50.0,250.0,9,Q3,2024,Baixo Valor
218,2024-01-09,Cliente_064,Fogao,Eletrodomesticos,Norte,2,1500.0,3000.0,1,Q1,2024,Baixo Valor
219,2024-08-06,Cliente_026,TV,Eletronicos,Nordeste,5,2500.0,12500.0,8,Q3,2024,Médio Valor
220,2024-05-01,Cliente_031,TV,Eletronicos,Norte,3,2500.0,7500.0,5,Q2,2024,Médio Valor
221,2024-07-13,Cliente_041,Fogao,Eletrodomesticos,Norte,7,1500.0,10500.0,7,Q3,2024,Médio Valor
222,2024-09-13,Cliente_033,Carregador,Celulares,Nordeste,5,120.0,600.0,9,Q3,2024,Baixo Valor
223,2024-01-21,Cliente_071,Carregador,Celulares,Centro-Oeste,7,120.0,840.0,1,Q1,2024,Baixo Valor
225,2024-01-25,Cliente_043,HomeTheater,Eletronicos,Norte,3,3000.0,9000.0,1,Q1,2024,Médio Valor
226,2024-06-30,Cliente_070,TV,Eletronicos,Sudeste,4,2500.0,10000.0,6,Q2,2024,Médio Valor
227,2024-09-27,Cliente_068,Cabo,Celulares,Sudeste,8,50.0,400.0,9,Q3,2024,Baixo Valor
228,2024-02-09,Cliente_028,TV,Eletronicos,Norte,9,2500.0,22500.0,2,Q1,2024,Alto Valor
230,2024-05-20,Cliente_014,Cabo,Celulares,Sudeste,5,50.0,250.0,5,Q2,2024,Baixo Valor
231,2024-11-23,Cliente_043,Carregador,Celulares,Centro-Oeste,2,120.0,240.0,11,Q4,2024,Baixo Valor
232,2024-03-29,Cliente_014,HomeTheater,Eletronicos,Sul,6,3000.0,18000.0,3,Q1,2024,Alto Valor
233,2024-04-29,Cliente_037,HomeTheater,Eletronicos,Centro-Oeste,1,3000.0,3000.0,4,Q2,2024,Baixo Valor
234,2024-12-26,Cliente_072,Carregador,Celulares,Sudeste,2,120.0,240.0,12,Q4,2024,Baixo Valor
235,2024-04-06,Cliente_022,Fogao,Eletrodomesticos,Sul,7,1500.0,10500.0,4,Q2,2024,Médio Valor
236,2024-06-26,Cliente_066,HomeTheater,Eletronicos,Norte,8,3000.0,24000.0,6,Q2,2024,Alto Valor
238,2024-01-09,Cliente_032,TV,Eletronicos,Sul,7,2500.0,17500.0,1,Q1,2024,Alto Valor
239,2024-12-16,Cliente_041,TV,Eletronicos,Sul,9,2500.0,22500.0,12,Q4,2024,Alto Valor
240,2024-08-27,Cliente_027,TV,Eletronicos,Centro-Oeste,3,2500.0,7500.0,8,Q3,2024,Médio Valor
241,2024-10-11,Cliente_018,TV,Eletronicos,Sudeste,5,2500.0,12500.0,10,Q4,2024,Médio Valor
242,2024-03-15,Cliente_016,Fogao,Eletrodomesticos,Norte,7,1500.0,10500.0,3,Q1,2024,Médio Valor
243,2024-03-22,Cliente_069,Fogao,Eletrodomesticos,Centro-Oeste,6,1500.0,9000.0,3,Q1,2024,Médio Valor
244,2024-04-20,Cliente_018,TV,Eletronicos,Norte,3,2500.0,7500.0,4,Q2,2024,Médio Valor
245,2024-07-02,Cliente_035,Fogao,Eletrodomesticos,Nordeste,5,1500.0,7500.0,7,Q3,2024,Médio Valor
246,2024-07-25,Cliente_001,TV,Eletronicos,Nordeste,6,2500.0,15000.0,7,Q3,2024,Alto Valor
248,2024-11-03,Cliente_071,Fogao,Eletrodomesticos,Sul,5,1500.0,7500.0,11,Q4,2024,Médio Valor
249,2024-04-24,Cliente_039,Carregador,Celulares,Nordeste,8,120.0,960.0,4,Q2,2024,Baixo Valor
250,2024-03-06,Cliente_053,Carregador,Celulares,Centro-Oeste,6,120.0,720.0,3,Q1,2024,Baixo Valor
251,2024-04-28,Cliente_041,Carregador,Celulares,Nordeste,8,120.0,960.0,4,Q2,2024,Baixo Valor
252,2024-03-30,Cliente_069,Carregador,Celulares,Centro-Oeste,3,120.0,360.0,3,Q1,2024,Baixo Valor
253,2024-01-19,Cliente_048,Cabo,Celulares,Sul,2,50.0,100.0,1,Q1,2024,Baixo Valor
254,2024-09-01,Cliente_035,HomeTheater,Eletronicos,Sudeste,5,3000.0,15000.0,9,Q3,2024,Alto Valor
255,2024-03-17,Cliente_012,HomeTheater,Eletronicos,Centro-Oeste,8,3000.0,24000.0,3,Q1,2024,Alto Valor
256,2024-11-09,Cliente_065,Cabo,Celulares,Nordeste,4,50.0,200.0,11,Q4,2024,Baixo Valor
257,2024-01-28,Cliente_032,TV,Eletronicos,Norte,3,2500.0,7500.0,1,Q1,2024,Médio Valor
258,2024-07-06,Cliente_009,Cabo,Celulares,Nordeste,7,50.0,350.0,7,Q3,2024,Baixo Valor
259,2024-07-24,Cliente_073,Fogao,Eletrodomesticos,Centro-Oeste,9,1500.0,13500.0,7,Q3,2024,Médio Valor
260,2024-03-21,Cliente_032,Geladeira,Eletrodomesticos,Sul,4,4000.0,16000.0,3,Q1,2024,Alto Valor
261,2024-12-13,Cliente_060,Cabo,Celulares,Sudeste,5,50.0,250.0,12,Q4,2024,Baixo Valor
262,2024-03-10,Cliente_077,Carregador,Celulares,Sudeste,5,120.0,600.0,3,Q1,2024,Baixo Valor
263,2024-01-28,Cliente_001,TV,Eletronicos,Sudeste,1,2500.0,2500.0,1,Q1,2024,Baixo Valor
264,2024-12-08,Cliente_007,TV,Eletronicos,Sul,4,2500.0,10000.0,12,Q4,2024,Médio Valor
265,2024-09-08,Cliente_004,HomeTheater,Eletronicos,Centro-Oeste,5,3000.0,15000.0,9,Q3,2024,Alto Valor
266,2024-07-23,Cliente_026,TV,Eletronicos,Norte,4,2500.0,10000.0,7,Q3,2024,Médio Valor
267,2024-05-01,Cliente_079,TV,Eletronicos,Sul,9,2500.0,22500.0,5,Q2,2024,Alto Valor
268,2024-11-20,Cliente_050,HomeTheater,Eletronicos,Sul,7,3000.0,21000.0,11,Q4,2024,Alto Valor
269,2024-01-03,Cliente_056,Fogao,Eletrodomesticos,Nordeste,5,1500.0,7500.0,1,Q1,2024,Médio Valor
270,2024-05-01,Cliente_035,Cabo,Celulares,Sul,4,50.0,200.0,5,Q2,2024,Baixo Valor
271,2024-07-08,Cliente_051,Geladeira,Eletrodomesticos,Nordeste,2,4000.0,8000.0,7,Q3,2024,Médio Valor
272,2024-02-25,Cliente_074,Geladeira,Eletrodomesticos,Centro-Oeste,3,4000.0,12000.0,2,Q1,2024,Médio Valor
273,2024-03-09,Cliente_019,HomeTheater,Eletronicos,Centro-Oeste,6,3000.0,18000.0,3,Q1,2024,Alto Valor
274,2024-04-05,Cliente_063,Fogao,Eletrodomesticos,Centro-Oeste,10,1500.0,15000.0,4,Q2,2024,Alto Valor
275,2024-08-10,Cliente_033,Cabo,Celulares,Nordeste,8,50.0,400.0,8,Q3,2024,Baixo Valor
276,2024-10-17,Cliente_054,Cabo,Celulares,Sudeste,3,50.0,150.0,10,Q4,2024,Baixo Valor
277,2024-12-10,Cliente_065,Geladeira,Eletrodomesticos,Sul,4,4000.0,16000.0,12,Q4,2024,Alto Valor
278,2024-11-28,Cliente_025,Carregador,Celulares,Nordeste,3,120.0,360.0,11,Q4,2024,Baixo Valor
279,2024-02-20,Cliente_042,Fogao,Eletrodomesticos,Centro-Oeste,5,1500.0,7500.0,2,Q1,2024,Médio Valor
280,2024-04-16,Cliente_020,Geladeira,Eletrodomesticos,Nordeste,1,4000.0,4000.0,4,Q2,2024,Baixo Valor
281,2024-12-19,Cliente_004,TV,Eletronicos,Sul,4,2500.0,10000.0,12,Q4,2024,Médio Valor
282,2024-02-26,Cliente_025,Fogao,Eletrodomesticos,Norte,9,1500.0,13500.0,2,Q1,2024,Médio Valor
283,2024-10-29,Cliente_030,Fogao,Eletrodomesticos,Sudeste,4,1500.0,6000.0,10,Q4,2024,Médio Valor
284,2024-08-31,Cliente_052,Carregador,Celulares,Sudeste,6,120.0,720.0,8,Q3,2024,Baixo Valor
285,2024-01-13,Cliente_073,Carregador,Celulares,Centro-Oeste,1,120.0,120.0,1,Q1,2024,Baixo Valor
286,2024-08-10,Cliente_055,Cabo,Celulares,Centro-Oeste,3,50.0,150.0,8,Q3,2024,Baixo Valor
287,2024-09-30,Cliente_039,TV,Eletronicos,Sudeste,7,2500.0,17500.0,9,Q3,2024,Alto Valor
288,2024-03-05,Cliente_022,Cabo,Celulares,Sul,3,50.0,150.0,3,Q1,2024,Baixo Valor
289,2024-07-10,Cliente_055,TV,Eletronicos,Sudeste,3,2500.0,7500.0,7,Q3,2024,Médio Valor
290,2024-01-07,Cliente_057,Carregador,Celulares,Centro-Oeste,1,120.0,120.0,1,Q1,2024,Baixo Valor
291,2024-02-11,Cliente_006,Carregador,Celulares,Sudeste,10,120.0,1200.0,2,Q1,2024,Baixo Valor
293,2024-01-08,Cliente_038,Fogao,Eletrodomesticos,Norte,3,1500.0,4500.0,1,Q1,2024,Baixo Valor
294,2024-06-08,Cliente_061,Geladeira,Eletrodomesticos,Sul,8,4000.0,32000.0,6,Q2,2024,Alto Valor
295,2024-10-17,Cliente_021,Geladeira,Eletrodomesticos,Sudeste,1,4000.0,4000.0,10,Q4,2024,Baixo Valor
296,2024-09-30,Cliente_029,TV,Eletronicos,Nordeste,2,2500.0,5000.0,9,Q3,2024,Médio Valor
297,2024-05-06,Cliente_067,Cabo,Celulares,Nordeste,1,50.0,50.0,5,Q2,2024,Baixo Valor
298,2024-03-14,Cliente_067,TV,Eletronicos,Nordeste,3,2500.0,7500.0,3,Q1,2024,Médio Valor
299,2024-06-29,Cliente_058,Fogao,Eletrodomesticos,Centro-Oeste,9,1500.0,13500.0,6,Q2,2024,Médio Valor
300,2024-06-21,Cliente_067,Fogao,Eletrodomesticos,Sudeste,1,1500.0,1500.0,6,Q2,2024,Baixo Valor
301,2024-12-10,Cliente_035,Cabo,Celulares,Centro-Oeste,5,50.0,250.0,12,Q4,2024,Baixo Valor
302,2024-01-14,Cliente_063,Carregador,Celulares,Sul,7,120.0,840.0,1,Q1,2024,Baixo Valor
303,2024-10-26,Cliente_043,Fogao,Eletrodomesticos,Centro-Oeste,3,1500.0,4500.0,10,Q4,2024,Baixo Valor
305,2024-10-20,Cliente_079,Carregador,Celulares,Nordeste,2,120.0,240.0,10,Q4,2024,Baixo Valor
306,2024-08-22,Cliente_047,Carregador,Celulares,Sudeste,1,120.0,120.0,8,Q3,2024,Baixo Valor
307,2024-01-15,Cliente_005,TV,Eletronicos,Sul,7,2500.0,17500.0,1,Q1,2024,Alto Valor
308,2024-04-28,Cliente_046,Fogao,Eletrodomesticos,Sul,3,1500.0,4500.0,4,Q2,2024,Baixo Valor
309,2024-01-21,Cliente_005,Cabo,Celulares,Nordeste,9,50.0,450.0,1,Q1,2024,Baixo Valor
310,2024-04-24,Cliente_023,Cabo,Celulares,Nordeste,5,50.0,250.0,4,Q2,2024,Baixo Valor
311,2024-09-16,Cliente_024,TV,Eletronicos,Nordeste,10,2500.0,25000.0,9,Q3,2024,Alto Valor
312,2024-06-27,Cliente_055,Carregador,Celulares,Nordeste,4,120.0,480.0,6,Q2,2024,Baixo Valor
313,2024-01-16,Cliente_018,Cabo,Celulares,Nordeste,4,50.0,200.0,1,Q1,2024,Baixo Valor
314,2024-04-01,Cliente_012,Geladeira,Eletrodomesticos,Nordeste,8,4000.0,32000.0,4,Q2,2024,Alto Valor
315,2024-08-02,Cliente_053,TV,Eletronicos,Nordeste,2,2500.0,5000.0,8,Q3,2024,Médio Valor
317,2024-07-28,Cliente_063,Cabo,Celulares,Nordeste,10,50.0,500.0,7,Q3,2024,Baixo Valor
318,2024-08-07,Cliente_003,HomeTheater,Eletronicos,Sul,6,3000.0,18000.0,8,Q3,2024,Alto Valor
319,2024-07-14,Cliente_015,TV,Eletronicos,Sudeste,5,2500.0,12500.0,7,Q3,2024,Médio Valor
320,2024-11-06,Cliente_051,TV,Eletronicos,Nordeste,2,2500.0,5000.0,11,Q4,2024,Médio Valor
321,2024-09-08,Cliente_072,Geladeira,Eletrodomesticos,Nordeste,8,4000.0,32000.0,9,Q3,2024,Alto Valor
322,2024-12-29,Cliente_053,Geladeira,Eletrodomesticos,Sul,8,4000.0,32000.0,12,Q4,2024,Alto Valor
324,2024-05-12,Cliente_040,Fogao,Eletrodomesticos,Centro-Oeste,5,1500.0,7500.0,5,Q2,2024,Médio Valor
325,2024-08-16,Cliente_044,TV,Eletronicos,Sul,7,2500.0,17500.0,8,Q3,2024,Alto Valor
326,2024-06-27,Cliente_016,HomeTheater,Eletronicos,Centro-Oeste,3,3000.0,9000.0,6,Q2,2024,Médio Valor
327,2024-05-16,Cliente_046,Carregador,Celulares,Norte,3,120.0,360.0,5,Q2,2024,Baixo Valor
328,2024-11-30,Cliente_008,Carregador,Celulares,Sudeste,9,120.0,1080.0,11,Q4,2024,Baixo Valor
329,2024-08-18,Cliente_024,HomeTheater,Eletronicos,Norte,9,3000.0,27000.0,8,Q3,2024,Alto Valor
330,2024-09-11,Cliente_080,Carregador,Celulares,Centro-Oeste,3,120.0,360.0,9,Q3,2024,Baixo Valor
331,2024-12-26,Cliente_058,Geladeira,Eletrodomesticos,Sudeste,4,4000.0,16000.0,12,Q4,2024,Alto Valor
332,2024-11-28,Cliente_031,Fogao,Eletrodomesticos,Centro-Oeste,1,1500.0,1500.0,11,Q4,2024,Baixo Valor
333,2024-04-03,Cliente_074,Fogao,Eletrodomesticos,Sudeste,8,1500.0,12000.0,4,Q2,2024,Médio Valor
335,2024-09-23,Cliente_023,Cabo,Celulares,Centro-Oeste,8,50.0,400.0,9,Q3,2024,Baixo Valor
336,2024-01-28,Cliente_011,Cabo,Celulares,Nordeste,8,50.0,400.0,1,Q1,2024,Baixo Valor
338,2024-10-16,Cliente_047,Carregador,Celulares,Norte,9,120.0,1080.0,10,Q4,2024,Baixo Valor
339,2024-11-22,Cliente_009,Fogao,Eletrodomesticos,Sul,1,1500.0,1500.0,11,Q4,2024,Baixo Valor
340,2024-07-12,Cliente_073,Cabo,Celulares,Norte,8,50.0,400.0,7,Q3,2024,Baixo Valor
341,2024-06-06,Cliente_002,Cabo,Celulares,Centro-Oeste,3,50.0,150.0,6,Q2,2024,Baixo Valor
342,2024-08-29,Cliente_065,Cabo,Celulares,Centro-Oeste,3,50.0,150.0,8,Q3,2024,Baixo Valor
343,2024-10-27,Cliente_032,HomeTheater,Eletronicos,Norte,4,3000.0,12000.0,10,Q4,2024,Médio Valor
344,2024-01-21,Cliente_044,Cabo,Celulares,Sudeste,8,50.0,400.0,1,Q1,2024,Baixo Valor
345,2024-09-04,Cliente_036,Carregador,Celulares,Nordeste,7,120.0,840.0,9,Q3,2024,Baixo Valor
346,2024-03-11,Cliente_072,Carregador,Celulares,Sul,8,120.0,960.0,3,Q1,2024,Baixo Valor
347,2024-03-17,Cliente_020,Cabo,Celulares,Sul,2,50.0,100.0,3,Q1,2024,Baixo Valor
348,2024-05-02,Cliente_042,Cabo,Celulares,Centro-Oeste,10,50.0,500.0,5,Q2,2024,Baixo Valor
349,2024-01-08,Cliente_051,Fogao,Eletrodomesticos,Sul,4,1500.0,6000.0,1,Q1,2024,Médio Valor
350,2024-04-06,Cliente_045,TV,Eletronicos,Norte,4,2500.0,10000.0,4,Q2,2024,Médio Valor
351,2024-11-05,Cliente_032,Cabo,Celulares,Nordeste,7,50.0,350.0,11,Q4,2024,Baixo Valor
352,2024-10-21,Cliente_080,Carregador,Celulares,Sudeste,5,120.0,600.0,10,Q4,2024,Baixo Valor
353,2024-11-05,Cliente_033,Cabo,Celulares,Sudeste,6,50.0,300.0,11,Q4,2024,Baixo Valor
354,2024-07-14,Cliente_005,Cabo,Celulares,Nordeste,5,50.0,250.0,7,Q3,2024,Baixo Valor
355,2024-09-07,Cliente_025,Fogao,Eletrodomesticos,Sudeste,7,1500.0,10500.0,9,Q3,2024,Médio Valor
356,2024-07-18,Cliente_046,TV,Eletronicos,Sul,8,2500.0,20000.0,7,Q3,2024,Alto Valor
357,2024-07-10,Cliente_038,HomeTheater,Eletronicos,Sudeste,8,3000.0,24000.0,7,Q3,2024,Alto Valor
358,2024-03-01,Cliente_027,TV,Eletronicos,Norte,7,2500.0,17500.0,3,Q1,2024,Alto Valor
359,2024-08-27,Cliente_023,Geladeira,Eletrodomesticos,Sul,5,4000.0,20000.0,8,Q3,2024,Alto Valor
360,2024-04-28,Cliente_058,Geladeira,Eletrodomesticos,Nordeste,2,4000.0,8000.0,4,Q2,2024,Médio Valor
361,2024-03-21,Cliente_028,Cabo,Celulares,Sudeste,6,50.0,300.0,3,Q1,2024,Baixo Valor
362,2024-04-02,Cliente_031,Cabo,Celulares,Sul,10,50.0,500.0,4,Q2,2024,Baixo Valor
363,2024-10-21,Cliente_029,TV,Eletronicos,Norte,3,2500.0,7500.0,10,Q4,2024,Médio Valor
364,2024-10-10,Cliente_045,TV,Eletronicos,Sul,6,2500.0,15000.0,10,Q4,2024,Alto Valor
366,2024-12-22,Cliente_004,Carregador,Celulares,Sudeste,3,120.0,360.0,12,Q4,2024,Baixo Valor
367,2024-03-19,Cliente_080,HomeTheater,Eletronicos,Centro-Oeste,4,3000.0,12000.0,3,Q1,2024,Médio Valor
368,2024-12-28,Cliente_007,Fogao,Eletrodomesticos,Norte,6,1500.0,9000.0,12,Q4,2024,Médio Valor
369,2024-08-01,Cliente_025,Carregador,Celulares,Sul,5,120.0,600.0,8,Q3,2024,Baixo Valor
370,2024-05-26,Cliente_079,Fogao,Eletrodomesticos,Norte,2,1500.0,3000.0,5,Q2,2024,Baixo Valor
371,2024-03-15,Cliente_062,Geladeira,Eletrodomesticos,Nordeste,7,4000.0,28000.0,3,Q1,2024,Alto Valor
372,2024-01-13,Cliente_003,Carregador,Celulares,Norte,6,120.0,720.0,1,Q1,2024,Baixo Valor
373,2024-02-08,Cliente_024,TV,Eletronicos,Norte,8,2500.0,20000.0,2,Q1,2024,Alto Valor
374,2024-01-29,Cliente_018,HomeTheater,Eletronicos,Centro-Oeste,2,3000.0,6000.0,1,Q1,2024,Médio Valor
375,2024-08-27,Cliente_005,Geladeira,Eletrodomesticos,Norte,3,4000.0,12000.0,8,Q3,2024,Médio Valor
376,2024-08-03,Cliente_077,Cabo,Celulares,Norte,8,50.0,400.0,8,Q3,2024,Baixo Valor
377,2024-11-20,Cliente_005,TV,Eletronicos,Sul,4,2500.0,10000.0,11,Q4,2024,Médio Valor
378,2024-08-01,Cliente_025,Carregador,Celulares,Sul,3,120.0,360.0,8,Q3,2024,Baixo Valor
379,2024-08-04,Cliente_037,Geladeira,Eletrodomesticos,Nordeste,6,4000.0,24000.0,8,Q3,2024,Alto Valor
380,2024-03-29,Cliente_067,HomeTheater,Eletronicos,Nordeste,8,3000.0,24000.0,3,Q1,2024,Alto Valor
381,2024-01-15,Cliente_009,TV,Eletronicos,Sudeste,2,2500.0,5000.0,1,Q1,2024,Médio Valor
382,2024-07-01,Cliente_038,TV,Eletronicos,Nordeste,9,2500.0,22500.0,7,Q3,2024,Alto Valor
383,2024-05-16,Cliente_033,Cabo,Celulares,Nordeste,10,50.0,500.0,5,Q2,2024,Baixo Valor
384,2024-11-25,Cliente_030,Carregador,Celulares,Norte,7,120.0,840.0,11,Q4,2024,Baixo Valor
385,2024-11-30,Cliente_056,Fogao,Eletrodomesticos,Sudeste,7,1500.0,10500.0,11,Q4,2024,Médio Valor
386,2024-01-29,Cliente_065,Fogao,Eletrodomesticos,Sul,7,1500.0,10500.0,1,Q1,2024,Médio Valor
387,2024-01-21,Cliente_020,HomeTheater,Eletronicos,Nordeste,10,3000.0,30000.0,1,Q1,2024,Alto Valor
388,2024-03-17,Cliente_061,Geladeira,Eletrodomesticos,Centro-Oeste,2,4000.0,8000.0,3,Q1,2024,Médio Valor
389,2024-01-17,Cliente_069,Cabo,Celulares,Centro-Oeste,5,50.0,250.0,1,Q1,2024,Baixo Valor
390,2024-05-16,Cliente_013,Cabo,Celulares,Norte,1,50.0,50.0,5,Q2,2024,Baixo Valor
391,2024-02-27,Cliente_076,HomeTheater,Eletronicos,Norte,1,3000.0,3000.0,2,Q1,2024,Baixo Valor
392,2024-06-20,Cliente_008,Fogao,Eletrodomesticos,Nordeste,8,1500.0,12000.0,6,Q2,2024,Médio Valor
393,2024-07-05,Cliente_051,Fogao,Eletrodomesticos,Sul,10,1500.0,15000.0,7,Q3,2024,Alto Valor
394,2024-02-20,Cliente_035,TV,Eletronicos,Norte,10,2500.0,25000.0,2,Q1,2024,Alto Valor
395,2024-07-22,Cliente_018,Carregador,Celulares,Norte,7,120.0,840.0,7,Q3,2024,Baixo Valor
396,2024-03-26,Cliente_069,Geladeira,Eletrodomesticos,Sul,6,4000.0,24000.0,3,Q1,2024,Alto Valor
397,2024-02-23,Cliente_001,Carregador,Celulares,Sul,6,120.0,720.0,2,Q1,2024,Baixo Valor
398,2024-07-09,Cliente_066,Cabo,Celulares,Nordeste,4,50.0,200.0,7,Q3,2024,Baixo Valor
399,2024-06-15,Cliente_067,Fogao,Eletrodomesticos,Sul,9,1500.0,13500.0,6,Q2,2024,Médio Valor
400,2024-02-21,Cliente_021,Cabo,Celulares,Sul,5,50.0,250.0,2,Q1,2024,Baixo Valor
401,2024-05-22,Cliente_016,HomeTheater,Eletronicos,Nordeste,4,3000.0,12000.0,5,Q2,2024,Médio Valor
402,2024-09-21,Cliente_048,HomeTheater,Eletronicos,Centro-Oeste,9,3000.0,27000.0,9,Q3,2024,Alto Valor
404,2024-09-29,Cliente_023,TV,Eletronicos,Sudeste,1,2500.0,2500.0,9,Q3,2024,Baixo Valor
406,2024-10-15,Cliente_010,Fogao,Eletrodomesticos,Sul,9,1500.0,13500.0,10,Q4,2024,Médio Valor
407,2024-12-09,Cliente_020,Geladeira,Eletrodomesticos,Centro-Oeste,9,4000.0,36000.0,12,Q4,2024,Alto Valor
408,2024-12-22,Cliente_002,Geladeira,Eletrodomesticos,Centro-Oeste,4,4000.0,16000.0,12,Q4,2024,Alto Valor
409,2024-01-07,Cliente_070,TV,Eletronicos,Sudeste,4,2500.0,10000.0,1,Q1,2024,Médio Valor
410,2024-05-16,Cliente_073,Cabo,Celulares,Sudeste,3,50.0,150.0,5,Q2,2024,Baixo Valor
411,2024-02-05,Cliente_078,Cabo,Celulares,Sudeste,9,50.0,450.0,2,Q1,2024,Baixo Valor
413,2024-11-22,Cliente_030,Fogao,Eletrodomesticos,Sudeste,10,1500.0,15000.0,11,Q4,2024,Alto Valor
414,2024-03-18,Cliente_058,Geladeira,Eletrodomesticos,Sul,2,4000.0,8000.0,3,Q1,2024,Médio Valor
415,2024-10-02,Cliente_052,HomeTheater,Eletronicos,Norte,10,3000.0,30000.0,10,Q4,2024,Alto Valor
416,2024-05-30,Cliente_011,Carregador,Celulares,Centro-Oeste,9,120.0,1080.0,5,Q2,2024,Baixo Valor
417,2024-06-20,Cliente_066,HomeTheater,Eletronicos,Sudeste,3,3000.0,9000.0,6,Q2,2024,Médio Valor
418,2024-08-25,Cliente_067,Fogao,Eletrodomesticos,Sul,8,1500.0,12000.0,8,Q3,2024,Médio Valor
419,2024-05-31,Cliente_042,Cabo,Celulares,Sul,7,50.0,350.0,5,Q2,2024,Baixo Valor
420,2024-05-24,Cliente_036,HomeTheater,Eletronicos,Sul,6,3000.0,18000.0,5,Q2,2024,Alto Valor
422,2024-06-22,Cliente_058,Geladeira,Eletrodomesticos,Centro-Oeste,2,4000.0,8000.0,6,Q2,2024,Médio Valor
423,2024-05-04,Cliente_006,TV,Eletronicos,Sul,7,2500.0,17500.0,5,Q2,2024,Alto Valor
424,2024-01-09,Cliente_033,Carregador,Celulares,Norte,6,120.0,720.0,1,Q1,2024,Baixo Valor
425,2024-03-24,Cliente_020,Fogao,Eletrodomesticos,Nordeste,5,1500.0,7500.0,3,Q1,2024,Médio Valor
426,2024-07-05,Cliente_003,Fogao,Eletrodomesticos,Centro-Oeste,10,1500.0,15000.0,7,Q3,2024,Alto Valor
427,2024-11-13,Cliente_027,Geladeira,Eletrodomesticos,Nordeste,8,4000.0,32000.0,11,Q4,2024,Alto Valor
429,2024-03-25,Cliente_067,Carregador,Celulares,Centro-Oeste,8,120.0,960.0,3,Q1,2024,Baixo Valor
430,2024-03-22,Cliente_055,Fogao,Eletrodomesticos,Norte,6,1500.0,9000.0,3,Q1,2024,Médio Valor
431,2024-06-22,Cliente_009,Geladeira,Eletrodomesticos,Centro-Oeste,6,4000.0,24000.0,6,Q2,2024,Alto Valor
432,2024-11-06,Cliente_064,Geladeira,Eletrodomesticos,Centro-Oeste,9,4000.0,36000.0,11,Q4,2024,Alto Valor
433,2024-03-21,Cliente_029,Geladeira,Eletrodomesticos,Nordeste,5,4000.0,20000.0,3,Q1,2024,Alto Valor
435,2024-11-13,Cliente_008,Cabo,Celulares,Centro-Oeste,3,50.0,150.0,11,Q4,2024,Baixo Valor
436,2024-02-26,Cliente_016,HomeTheater,Eletronicos,Sul,4,3000.0,12000.0,2,Q1,2024,Médio Valor
437,2024-08-31,Cliente_003,Geladeira,Eletrodomesticos,Nordeste,6,4000.0,24000.0,8,Q3,2024,Alto Valor
438,2024-08-16,Cliente_020,Carregador,Celulares,Sul,5,120.0,600.0,8,Q3,2024,Baixo Valor
439,2024-12-12,Cliente_064,Carregador,Celulares,Centro-Oeste,1,120.0,120.0,12,Q4,2024,Baixo Valor
440,2024-08-12,Cliente_078,Cabo,Celulares,Norte,1,50.0,50.0,8,Q3,2024,Baixo Valor
442,2024-09-18,Cliente_019,TV,Eletronicos,Norte,9,2500.0,22500.0,9,Q3,2024,Alto Valor
443,2024-08-15,Cliente_062,Cabo,Celulares,Sul,10,50.0,500.0,8,Q3,2024,Baixo Valor
444,2024-09-29,Cliente_071,Fogao,Eletrodomesticos,Sudeste,10,1500.0,15000.0,9,Q3,2024,Alto Valor
445,2024-06-19,Cliente_069,Carregador,Celulares,Sul,10,120.0,1200.0,6,Q2,2024,Baixo Valor
446,2024-02-07,Cliente_058,TV,Eletronicos,Norte,8,2500.0,20000.0,2,Q1,2024,Alto Valor
447,2024-05-23,Cliente_001,Cabo,Celulares,Sudeste,1,50.0,50.0,5,Q2,2024,Baixo Valor
448,2024-02-17,Cliente_025,Cabo,Celulares,Sudeste,1,50.0,50.0,2,Q1,2024,Baixo Valor
449,2024-01-10,Cliente_004,Geladeira,Eletrodomesticos,Centro-Oeste,9,4000.0,36000.0,1,Q1,2024,Alto Valor
451,2024-07-07,Cliente_006,Carregador,Celulares,Sul,3,120.0,360.0,7,Q3,2024,Baixo Valor
452,2024-03-12,Cliente_049,Geladeira,Eletrodomesticos,Sudeste,2,4000.0,8000.0,3,Q1,2024,Médio Valor
453,2024-01-08,Cliente_012,TV,Eletronicos,Sul,8,2500.0,20000.0,1,Q1,2024,Alto Valor
454,2024-09-22,Cliente_049,Cabo,Celulares,Sudeste,9,50.0,450.0,9,Q3,2024,Baixo Valor
455,2024-07-15,Cliente_051,HomeTheater,Eletronicos,Nordeste,3,3000.0,9000.0,7,Q3,2024,Médio Valor
456,2024-01-01,Cliente_071,HomeTheater,Eletronicos,Nordeste,6,3000.0,18000.0,1,Q1,2024,Alto Valor
457,2024-05-24,Cliente_063,Cabo,Celulares,Nordeste,5,50.0,250.0,5,Q2,2024,Baixo Valor
458,2024-11-21,Cliente_079,TV,Eletronicos,Centro-Oeste,1,2500.0,2500.0,11,Q4,2024,Baixo Valor
459,2024-10-20,Cliente_079,Carregador,Celulares,Norte,5,120.0,600.0,10,Q4,2024,Baixo Valor
460,2024-09-13,Cliente_070,TV,Eletronicos,Sul,4,2500.0,10000.0,9,Q3,2024,Médio Valor
461,2024-03-01,Cliente_045,Fogao,Eletrodomesticos,Sudeste,8,1500.0,12000.0,3,Q1,2024,Médio Valor
463,2024-11-11,Cliente_007,Cabo,Celulares,Sul,2,50.0,100.0,11,Q4,2024,Baixo Valor
464,2024-07-25,Cliente_077,Carregador,Celulares,Nordeste,7,120.0,840.0,7,Q3,2024,Baixo Valor
466,2024-12-26,Cliente_048,TV,Eletronicos,Sul,1,2500.0,2500.0,12,Q4,2024,Baixo Valor
467,2024-06-05,Cliente_020,Carregador,Celulares,Sul,3,120.0,360.0,6,Q2,2024,Baixo Valor
468,2024-11-08,Cliente_027,TV,Eletronicos,Centro-Oeste,5,2500.0,12500.0,11,Q4,2024,Médio Valor
470,2024-06-05,Cliente_048,TV,Eletronicos,Centro-Oeste,4,2500.0,10000.0,6,Q2,2024,Médio Valor
471,2024-06-18,Cliente_076,TV,Eletronicos,Centro-Oeste,10,2500.0,25000.0,6,Q2,2024,Alto Valor
472,2024-05-16,Cliente_073,Geladeira,Eletrodomesticos,Nordeste,3,4000.0,12000.0,5,Q2,2024,Médio Valor
473,2024-08-19,Cliente_048,Geladeira,Eletrodomesticos,Centro-Oeste,5,4000.0,20000.0,8,Q3,2024,Alto Valor
474,2024-05-17,Cliente_032,Cabo,Celulares,Nordeste,6,50.0,300.0,5,Q2,2024,Baixo Valor
475,2024-04-17,Cliente_066,Carregador,Celulares,Centro-Oeste,3,120.0,360.0,4,Q2,2024,Baixo Valor
476,2024-06-03,Cliente_073,Carregador,Celulares,Sul,10,120.0,1200.0,6,Q2,2024,Baixo Valor
477,2024-03-16,Cliente_065,HomeTheater,Eletronicos,Nordeste,10,3000.0,30000.0,3,Q1,2024,Alto Valor
478,2024-12-19,Cliente_012,HomeTheater,Eletronicos,Centro-Oeste,2,3000.0,6000.0,12,Q4,2024,Médio Valor
479,2024-07-29,Cliente_071,Carregador,Celulares,Centro-Oeste,7,120.0,840.0,7,Q3,2024,Baixo Valor
481,2024-06-10,Cliente_050,Fogao,Eletrodomesticos,Sudeste,8,1500.0,12000.0,6,Q2,2024,Médio Valor
482,2024-01-22,Cliente_011,Fogao,Eletrodomesticos,Norte,8,1500.0,12000.0,1,Q1,2024,Médio Valor
483,2024-05-22,Cliente_008,Cabo,Celulares,Nordeste,6,50.0,300.0,5,Q2,2024,Baixo Valor
485,2024-06-20,Cliente_058,TV,Eletronicos,Sudeste,8,2500.0,20000.0,6,Q2,2024,Alto Valor
486,2024-12-10,Cliente_038,Cabo,Celulares,Sul,3,50.0,150.0,12,Q4,2024,Baixo Valor
487,2024-07-18,Cliente_022,TV,Eletronicos,Sul,9,2500.0,22500.0,7,Q3,2024,Alto Valor
488,2024-04-18,Cliente_069,Cabo,Celulares,Sudeste,3,50.0,150.0,4,Q2,2024,Baixo Valor
489,2024-01-24,Cliente_078,Cabo,Celulares,Sudeste,6,50.0,300.0,1,Q1,2024,Baixo Valor
490,2024-09-13,Cliente_008,Cabo,Celulares,Centro-Oeste,4,50.0,200.0,9,Q3,2024,Baixo Valor
492,2024-05-02,Cliente_003,Fogao,Eletrodomesticos,Sul,4,1500.0,6000.0,5,Q2,2024,Médio Valor
493,2024-11-17,Cliente_001,Geladeira,Eletrodomesticos,Norte,4,4000.0,16000.0,11,Q4,2024,Alto Valor
494,2024-10-16,Cliente_027,Cabo,Celulares,Norte,7,50.0,350.0,10,Q4,2024,Baixo Valor
495,2024-01-03,Cliente_035,Carregador,Celulares,Norte,5,120.0,600.0,1,Q1,2024,Baixo Valor
496,2024-12-28,Cliente_079,Geladeira,Eletrodomesticos,Centro-Oeste,5,4000.0,20000.0,12,Q4,2024,Alto Valor
497,2024-09-09,Cliente_047,Geladeira,Eletrodomesticos,Sul,4,4000.0,16000.0,9,Q3,2024,Alto Valor
498,2024-01-06,Cliente_020,Geladeira,Eletrodomesticos,Sudeste,2,4000.0,8000.0,1,Q1,2024,Médio Valor
500,2024-07-09,Cliente_056,Geladeira,Eletrodomesticos,Sudeste,2,4000.0,8000.0,7,Q3,2024,Médio Valor
502,2024-09-27,Cliente_020,Fogao,Eletrodomesticos,Centro-Oeste,7,1500.0,10500.0,9,Q3,2024,Médio Valor
503,2024-07-07,Cliente_034,Geladeira,Eletrodomesticos,Sudeste,5,4000.0,20000.0,7,Q3,2024,Alto Valor
506,2024-08-31,Cliente_016,Geladeira,Eletrodomesticos,Centro-Oeste,9,4000.0,36000.0,8,Q3,2024,Alto Valor
507,2024-05-20,Cliente_026,Geladeira,Eletrodomesticos,Sudeste,5,4000.0,20000.0,5,Q2,2024,Alto Valor
508,2024-05-18,Cliente_061,Geladeira,Eletrodomesticos,Sul,2,4000.0,8000.0,5,Q2,2024,Médio Valor
510,2024-11-04,Cliente_078,Fogao,Eletrodomesticos,Norte,5,1500.0,7500.0,11,Q4,2024,Médio Valor
513,2024-10-25,Cliente_072,Fogao,Eletrodomesticos,Sul,7,1500.0,10500.0,10,Q4,2024,Médio Valor
514,2024-12-18,Cliente_069,Carregador,Celulares,Sudeste,4,120.0,480.0,12,Q4,2024,Baixo Valor
515,2024-07-24,Cliente_062,Carregador,Celulares,Norte,8,120.0,960.0,7,Q3,2024,Baixo Valor
516,2024-03-19,Cliente_025,Cabo,Celulares,Norte,9,50.0,450.0,3,Q1,2024,Baixo Valor
517,2024-02-07,Cliente_029,Carregador,Celulares,Sul,6,120.0,720.0,2,Q1,2024,Baixo Valor
518,2024-02-29,Cliente_080,Fogao,Eletrodomesticos,Norte,10,1500.0,15000.0,2,Q1,2024,Alto Valor
519,2024-11-30,Cliente_073,TV,Eletronicos,Norte,8,2500.0,20000.0,11,Q4,2024,Alto Valor
520,2024-12-17,Cliente_012,HomeTheater,Eletronicos,Sul,10,3000.0,30000.0,12,Q4,2024,Alto Valor
521,2024-08-13,Cliente_001,HomeTheater,Eletronicos,Sul,10,3000.0,30000.0,8,Q3,2024,Alto Valor
522,2024-03-19,Cliente_080,Geladeira,Eletrodomesticos,Sudeste,7,4000.0,28000.0,3,Q1,2024,Alto Valor
523,2024-06-12,Cliente_024,Fogao,Eletrodomesticos,Sul,10,1500.0,15000.0,6,Q2,2024,Alto Valor
524,2024-08-12,Cliente_076,Fogao,Eletrodomesticos,Norte,3,1500.0,4500.0,8,Q3,2024,Baixo Valor
525,2024-05-10,Cliente_045,Carregador,Celulares,Sudeste,6,120.0,720.0,5,Q2,2024,Baixo Valor
526,2024-05-21,Cliente_042,HomeTheater,Eletronicos,Sul,10,3000.0,30000.0,5,Q2,2024,Alto Valor
527,2024-01-10,Cliente_074,TV,Eletronicos,Centro-Oeste,5,2500.0,12500.0,1,Q1,2024,Médio Valor
528,2024-11-08,Cliente_054,Carregador,Celulares,Norte,2,120.0,240.0,11,Q4,2024,Baixo Valor
529,2024-04-16,Cliente_049,Fogao,Eletrodomesticos,Sudeste,5,1500.0,7500.0,4,Q2,2024,Médio Valor
530,2024-12-28,Cliente_076,HomeTheater,Eletronicos,Sudeste,7,3000.0,21000.0,12,Q4,2024,Alto Valor
531,2024-03-21,Cliente_040,Geladeira,Eletrodomesticos,Sul,1,4000.0,4000.0,3,Q1,2024,Baixo Valor
532,2024-02-20,Cliente_055,Fogao,Eletrodomesticos,Sul,4,1500.0,6000.0,2,Q1,2024,Médio Valor
533,2024-10-20,Cliente_072,Fogao,Eletrodomesticos,Sul,1,1500.0,1500.0,10,Q4,2024,Baixo Valor
534,2024-11-01,Cliente_069,Fogao,Eletrodomesticos,Centro-Oeste,10,1500.0,15000.0,11,Q4,2024,Alto Valor
535,2024-07-23,Cliente_018,Carregador,Celulares,Centro-Oeste,4,120.0,480.0,7,Q3,2024,Baixo Valor
536,2024-07-18,Cliente_075,Geladeira,Eletrodomesticos,Centro-Oeste,7,4000.0,28000.0,7,Q3,2024,Alto Valor
537,2024-01-31,Cliente_023,HomeTheater,Eletronicos,Nordeste,9,3000.0,27000.0,1,Q1,2024,Alto Valor
538,2024-08-09,Cliente_034,HomeTheater,Eletronicos,Norte,7,3000.0,21000.0,8,Q3,2024,Alto Valor
540,2024-03-07,Cliente_003,TV,Eletronicos,Nordeste,3,2500.0,7500.0,3,Q1,2024,Médio Valor
541,2024-06-10,Cliente_055,HomeTheater,Eletronicos,Nordeste,2,3000.0,6000.0,6,Q2,2024,Médio Valor
542,2024-12-03,Cliente_017,Cabo,Celulares,Nordeste,8,50.0,400.0,12,Q4,2024,Baixo Valor
544,2024-06-11,Cliente_065,TV,Eletronicos,Sudeste,5,2500.0,12500.0,6,Q2,2024,Médio Valor
545,2024-05-22,Cliente_065,Fogao,Eletrodomesticos,Norte,5,1500.0,7500.0,5,Q2,2024,Médio Valor
546,2024-11-20,Cliente_032,TV,Eletronicos,Centro-Oeste,1,2500.0,2500.0,11,Q4,2024,Baixo Valor
547,2024-12-14,Cliente_018,Fogao,Eletrodomesticos,Centro-Oeste,9,1500.0,13500.0,12,Q4,2024,Médio Valor
548,2024-07-15,Cliente_065,Geladeira,Eletrodomesticos,Centro-Oeste,5,4000.0,20000.0,7,Q3,2024,Alto Valor
549,2024-03-03,Cliente_045,Cabo,Celulares,Norte,8,50.0,400.0,3,Q1,2024,Baixo Valor
551,2024-04-19,Cliente_061,HomeTheater,Eletronicos,Norte,10,3000.0,30000.0,4,Q2,2024,Alto Valor
553,2024-07-15,Cliente_023,TV,Eletronicos,Sul,4,2500.0,10000.0,7,Q3,2024,Médio Valor
554,2024-01-30,Cliente_021,Fogao,Eletrodomesticos,Norte,3,1500.0,4500.0,1,Q1,2024,Baixo Valor
555,2024-11-11,Cliente_008,Carregador,Celulares,Centro-Oeste,10,120.0,1200.0,11,Q4,2024,Baixo Valor
556,2024-08-16,Cliente_053,TV,Eletronicos,Nordeste,10,2500.0,25000.0,8,Q3,2024,Alto Valor
557,2024-03-30,Cliente_012,Fogao,Eletrodomesticos,Centro-Oeste,6,1500.0,9000.0,3,Q1,2024,Médio Valor
558,2024-03-26,Cliente_079,Cabo,Celulares,Sul,9,50.0,450.0,3,Q1,2024,Baixo Valor
559,2024-03-13,Cliente_048,Carregador,Celulares,Norte,2,120.0,240.0,3,Q1,2024,Baixo Valor
561,2024-05-29,Cliente_009,HomeTheater,Eletronicos,Centro-Oeste,7,3000.0,21000.0,5,Q2,2024,Alto Valor
562,2024-10-22,Cliente_079,TV,Eletronicos,Sudeste,9,2500.0,22500.0,10,Q4,2024,Alto Valor
563,2024-08-17,Cliente_014,TV,Eletronicos,Sudeste,2,2500.0,5000.0,8,Q3,2024,Médio Valor
564,2024-11-25,Cliente_034,TV,Eletronicos,Sul,10,2500.0,25000.0,11,Q4,2024,Alto Valor
565,2024-01-18,Cliente_063,Carregador,Celulares,Sudeste,7,120.0,840.0,1,Q1,2024,Baixo Valor
566,2024-12-18,Cliente_053,Fogao,Eletrodomesticos,Sul,3,1500.0,4500.0,12,Q4,2024,Baixo Valor
567,2024-11-26,Cliente_058,Fogao,Eletrodomesticos,Centro-Oeste,9,1500.0,13500.0,11,Q4,2024,Médio Valor
568,2024-09-04,Cliente_023,Cabo,Celulares,Nordeste,1,50.0,50.0,9,Q3,2024,Baixo Valor
569,2024-03-01,Cliente_069,Fogao,Eletrodomesticos,Nordeste,1,1500.0,1500.0,3,Q1,2024,Baixo Valor
570,2024-07-08,Cliente_003,Cabo,Celulares,Sudeste,7,50.0,350.0,7,Q3,2024,Baixo Valor
571,2024-06-06,Cliente_023,Carregador,Celulares,Norte,4,120.0,480.0,6,Q2,2024,Baixo Valor
572,2024-04-16,Cliente_003,TV,Eletronicos,Sul,1,2500.0,2500.0,4,Q2,2024,Baixo Valor
574,2024-10-27,Cliente_075,Fogao,Eletrodomesticos,Sul,4,1500.0,6000.0,10,Q4,2024,Médio Valor
575,2024-11-22,Cliente_076,Cabo,Celulares,Sul,8,50.0,400.0,11,Q4,2024,Baixo Valor
576,2024-03-04,Cliente_072,Cabo,Celulares,Centro-Oeste,7,50.0,350.0,3,Q1,2024,Baixo Valor
577,2024-04-13,Cliente_058,Fogao,Eletrodomesticos,Sudeste,2,1500.0,3000.0,4,Q2,2024,Baixo Valor
578,2024-01-12,Cliente_075,Fogao,Eletrodomesticos,Sudeste,3,1500.0,4500.0,1,Q1,2024,Baixo Valor
579,2024-09-11,Cliente_068,Geladeira,Eletrodomesticos,Norte,7,4000.0,28000.0,9,Q3,2024,Alto Valor
580,2024-06-20,Cliente_020,Geladeira,Eletrodomesticos,Sudeste,7,4000.0,28000.0,6,Q2,2024,Alto Valor
581,2024-04-24,Cliente_080,HomeTheater,Eletronicos,Sudeste,7,3000.0,21000.0,4,Q2,2024,Alto Valor
583,2024-12-27,Cliente_009,Carregador,Celulares,Sudeste,2,120.0,240.0,12,Q4,2024,Baixo Valor
584,2024-02-03,Cliente_059,HomeTheater,Eletronicos,Nordeste,10,3000.0,30000.0,2,Q1,2024,Alto Valor
585,2024-12-29,Cliente_067,Fogao,Eletrodomesticos,Sudeste,10,1500.0,15000.0,12,Q4,2024,Alto Valor
586,2024-12-09,Cliente_078,TV,Eletronicos,Nordeste,1,2500.0,2500.0,12,Q4,2024,Baixo Valor
587,2024-07-09,Cliente_073,Carregador,Celulares,Nordeste,10,120.0,1200.0,7,Q3,2024,Baixo Valor
588,2024-03-01,Cliente_031,HomeTheater,Eletronicos,Nordeste,9,3000.0,27000.0,3,Q1,2024,Alto Valor
590,2024-04-18,Cliente_077,Geladeira,Eletrodomesticos,Nordeste,4,4000.0,16000.0,4,Q2,2024,Alto Valor
591,2024-06-24,Cliente_012,HomeTheater,Eletronicos,Centro-Oeste,5,3000.0,15000.0,6,Q2,2024,Alto Valor
592,2024-08-17,Cliente_025,Carregador,Celulares,Norte,9,120.0,1080.0,8,Q3,2024,Baixo Valor
594,2024-03-01,Cliente_060,HomeTheater,Eletronicos,Norte,3,3000.0,9000.0,3,Q1,2024,Médio Valor
595,2024-01-17,Cliente_043,HomeTheater,Eletronicos,Sul,8,3000.0,24000.0,1,Q1,2024,Alto Valor
597,2024-07-24,Cliente_073,Carregador,Celulares,Sul,5,120.0,600.0,7,Q3,2024,Baixo Valor
598,2024-02-24,Cliente_050,Fogao,Eletrodomesticos,Centro-Oeste,8,1500.0,12000.0,2,Q1,2024,Médio Valor
599,2024-10-06,Cliente_001,TV,Eletronicos,Nordeste,6,2500.0,15000.0,10,Q4,2024,Alto Valor
600,2024-11-29,Cliente_030,TV,Eletronicos,Sul,8,2500.0,20000.0,11,Q4,2024,Alto Valor
